asset_id,shot_id,filename,storage_location,type,source_url,creator,tool_model,created_at,license_or_permission,prompt_reference,status,notes
CHAR-01,S01–S18,AB_reference_2036_v001.png,assets/characters/AB_reference_2036_v001.png,AI image,,project-generated,built-in ImageGen; model not exposed,2026-10-06,생성 원본; 최종 이용 조건·채택 검수 필요,prompts/visual-tests.md,test only,캐릭터 2036 기준·정체성/의상 테스트
T01,S01/S16,T01_same_morning_v001.png,assets/storyboard/T01_same_morning_v001.png,AI image,,project-generated,built-in ImageGen; model not exposed,2026-10-06,생성 원본; 최종 이용 조건·채택 검수 필요,prompts/visual-tests.md,test only,동일 아침 구도 검증. 화면 뒷면이라 UI 컷은 별도 정면 인서트
T02-PLATE,S04–S06,T02_plate_v001.png,assets/storyboard/T02_plate_v001.png,AI image,,project-generated,built-in ImageGen; model not exposed,2026-10-06,생성 원본; 최종 이용 조건·채택 검수 필요,prompts/visual-tests.md,test only,빈 화면 플레이트·UI 후편집 기반
T02-START,S04,T02_start_v001.png,assets/storyboard/T02_start_v001.png,post-production composite,,project-generated,deterministic post-production,2026-10-06,직접 제작; 시스템 폰트 조건 최종 확인,docs/editing-plan.md,test only,출발 상태·양쪽에 같은 작업 카드
T02-END,S05/S06,T02_composite_v001.png,assets/storyboard/T02_composite_v001.png,post-production composite,,project-generated,deterministic post-production,2026-10-06,직접 제작; 시스템 폰트 조건 최종 확인,docs/editing-plan.md,test only,"통과와 정지 상태 비교, 생성 UI 아님"
T03-V1,S07/S08/S10,T03_public_montage_v001.png,assets/storyboard/T03_public_montage_v001.png,AI image,,project-generated,built-in ImageGen; model not exposed,2026-10-06,생성 원본; 최종 이용 조건·채택 검수 필요,prompts/visual-tests.md,test only,"학교는 명료·병원과 공공 공간 구분 약함, 검토용 보존"
T03-V2,S07/S08/S10,T03_public_montage_v002.png,assets/storyboard/T03_public_montage_v002.png,AI image edit,,project-generated,built-in ImageGen; model not exposed,2026-10-06,생성 원본; 최종 이용 조건·채택 검수 필요,prompts/visual-tests.md,test only,병원 접수의 비문자 의료 단서 보강·동일 인물 유지
TITLE-01,S17,TITLE_statement_v001.png,assets/storyboard/TITLE_statement_v001.png,original typography,,project-generated,deterministic post-production,2026-10-06,직접 제작; 시스템 폰트 조건 최종 확인,docs/editing-plan.md,test only,"핵심 명제, FHD"
TITLE-02,S18,TITLE_question_v001.png,assets/storyboard/TITLE_question_v001.png,original typography,,project-generated,deterministic post-production,2026-10-06,직접 제작; 시스템 폰트 조건 최종 확인,docs/editing-plan.md,test only,"마지막 질문, FHD"
TITLE-03,S18,TITLE_end_v001.png,assets/storyboard/TITLE_end_v001.png,original typography,,project-generated,deterministic post-production,2026-10-06,직접 제작; 시스템 폰트 조건 최종 확인,docs/editing-plan.md,test only,"질문+작은 작품명, FHD"
UI-01,S03–S16,ui-components.svg,assets/storyboard/ui-components.svg,original vector,,project-generated,deterministic post-production,2026-10-06,직접 제작; 시스템 폰트 조건 최종 확인,docs/editing-plan.md,test only,카드·경계·권한·공공서비스 벡터 원본
PREVIEW-01,tests,visual-tests.html,assets/storyboard/visual-tests.html,original HTML,,project-generated,deterministic post-production,2026-10-06,직접 제작; 시스템 폰트 조건 최종 확인,docs/editing-plan.md,test only,"로컬 5초 UI 모션·3개 테스트·10초 타이포 검증, 완성 영화 아님"
